product_id,sku,product_name,category_id,list_price,purchase_price,launched_on,discontinued_on
1,SKU-00001,Ultra Home 1,10,19.05,12.72,2023-05-18,
2,SKU-00002,Compact Grocery 2,24,46.43,28.95,2023-12-02,
3,SKU-00003,Advanced Grocery 3,23,274.09,159.42,2022-03-07,
4,SKU-00004,Classic Fashion 4,14,206.55,137.67,2023-12-26,
5,SKU-00005,Advanced Books 5,20,158.39,111.4,2023-01-22,
6,SKU-00006,Eco Home 6,10,166.67,107.8,2023-04-06,
7,SKU-00007,Ultimate Grocery 7,24,63.17,29.9,2023-10-13,
8,SKU-00008,Premium Sports 8,18,263.19,141.76,2023-11-16,
9,SKU-00009,Essential Electronics 9,9,386.05,189.19,2022-12-08,
10,SKU-00010,Ultra Home 10,12,171.62,117.93,2023-04-03,
11,SKU-00011,Ergo Home 11,12,244.09,165.14,2022-09-15,
12,SKU-00012,Pro Fashion 12,14,310.6,154.41,2023-11-05,
13,SKU-00013,Essential Sports 13,17,185.31,135.3,2022-05-31,
14,SKU-00014,Premium Fashion 14,13,297.7,187.94,2022-03-14,
15,SKU-00015,Advanced Home 15,11,117.01,68.05,2023-04-07,
16,SKU-00016,Ultra Books 16,19,168.0,75.73,2023-08-13,
17,SKU-00017,Advanced Electronics 17,8,388.61,273.64,2023-07-22,
18,SKU-00018,Ergo Electronics 18,9,178.07,101.72,2022-09-09,
19,SKU-00019,Essential Electronics 19,7,308.69,220.91,2022-07-01,
20,SKU-00020,Premium Home 20,10,137.73,96.76,2023-12-29,
21,SKU-00021,Premium Grocery 21,23,344.79,206.08,2023-09-15,
22,SKU-00022,Ergo Grocery 22,23,277.16,195.16,2023-07-20,
23,SKU-00023,Premium Electronics 23,7,272.73,164.57,2023-09-09,
24,SKU-00024,Eco Fashion 24,14,33.6,16.35,2023-10-13,
25,SKU-00025,Eco Electronics 25,9,440.27,259.84,2023-08-26,
26,SKU-00026,Compact Grocery 26,24,80.99,47.92,2022-04-20,
27,SKU-00027,Essential Grocery 27,24,341.83,185.63,2023-02-16,
28,SKU-00028,Essential Books 28,21,405.63,249.28,2023-04-23,
29,SKU-00029,Pro Electronics 29,7,268.03,182.52,2023-05-21,2025-09-13
30,SKU-00030,Compact Fashion 30,14,37.79,27.99,2023-01-28,
31,SKU-00031,Ultimate Fashion 31,15,303.69,208.25,2023-08-19,
32,SKU-00032,Ultra Grocery 32,22,115.4,70.18,2022-11-11,
33,SKU-00033,Ultra Books 33,20,164.6,103.15,2023-11-07,
34,SKU-00034,Compact Electronics 34,8,185.96,120.54,2023-09-12,
35,SKU-00035,Ultra Grocery 35,24,206.29,128.61,2023-03-22,
36,SKU-00036,Pro Books 36,21,365.15,180.1,2023-09-23,2025-10-15
37,SKU-00037,Eco Electronics 37,9,417.45,206.8,2023-07-15,
38,SKU-00038,Advanced Fashion 38,13,390.18,187.0,2023-07-17,
39,SKU-00039,Ergo Fashion 39,15,417.52,214.8,2023-03-15,
40,SKU-00040,Ergo Grocery 40,22,76.42,50.51,2023-11-03,
41,SKU-00041,Ergo Electronics 41,8,338.61,248.15,2022-05-13,
42,SKU-00042,Ultra Home 42,12,33.14,19.81,2023-06-25,
43,SKU-00043,Ultimate Fashion 43,14,186.47,87.18,2022-05-28,
44,SKU-00044,Essential Electronics 44,8,281.77,175.89,2022-05-14,
45,SKU-00045,Classic Fashion 45,15,98.28,52.59,2023-05-02,
46,SKU-00046,Ultimate Sports 46,16,210.09,99.01,2023-10-19,2026-02-01
47,SKU-00047,Essential Home 47,10,40.38,27.7,2023-04-05,
48,SKU-00048,Ergo Electronics 48,9,396.64,253.51,2023-07-24,
49,SKU-00049,Ergo Sports 49,16,278.36,126.33,2022-03-03,
50,SKU-00050,Ultra Sports 50,16,419.84,301.83,2023-08-17,
51,SKU-00051,Compact Grocery 51,24,76.71,51.05,2023-05-31,
52,SKU-00052,Advanced Fashion 52,15,231.39,156.11,2023-11-10,
53,SKU-00053,Premium Fashion 53,15,27.49,17.87,2023-08-21,
54,SKU-00054,Ultra Home 54,12,335.62,196.17,2022-10-21,
55,SKU-00055,Essential Electronics 55,9,425.71,231.03,2023-08-02,
56,SKU-00056,Pro Grocery 56,24,73.46,52.29,2023-02-20,
57,SKU-00057,Ergo Sports 57,18,100.85,68.09,2023-09-18,
58,SKU-00058,Classic Books 58,20,438.44,230.25,2023-05-04,
59,SKU-00059,Advanced Books 59,20,18.96,10.03,2023-01-26,
60,SKU-00060,Pro Fashion 60,14,125.93,64.7,2023-09-13,
61,SKU-00061,Compact Grocery 61,22,106.32,53.69,2022-09-17,
62,SKU-00062,Ultra Fashion 62,14,18.46,12.78,2023-01-30,
63,SKU-00063,Ergo Fashion 63,15,163.21,97.47,2022-02-05,
64,SKU-00064,Premium Sports 64,17,423.14,302.71,2023-04-09,
65,SKU-00065,Ergo Electronics 65,8,55.91,34.64,2023-02-14,
66,SKU-00066,Pro Home 66,10,178.26,102.86,2023-04-16,2025-01-21
67,SKU-00067,Advanced Grocery 67,23,417.1,245.45,2022-02-14,
68,SKU-00068,Ultra Electronics 68,9,427.4,202.49,2022-04-03,
69,SKU-00069,Premium Sports 69,16,232.15,127.67,2023-02-01,
70,SKU-00070,Classic Grocery 70,24,64.26,40.09,2022-12-09,
71,SKU-00071,Advanced Sports 71,16,187.49,93.72,2023-02-24,
72,SKU-00072,Classic Sports 72,17,213.52,131.82,2023-05-28,
73,SKU-00073,Compact Electronics 73,9,133.43,73.5,2022-04-07,
74,SKU-00074,Ultimate Sports 74,16,107.29,74.06,2023-12-07,2025-10-23
75,SKU-00075,Advanced Electronics 75,9,209.29,101.33,2022-05-22,
76,SKU-00076,Ultra Grocery 76,22,184.65,130.31,2023-12-27,
77,SKU-00077,Ergo Books 77,20,104.73,53.28,2022-07-20,
78,SKU-00078,Ergo Fashion 78,14,413.52,295.08,2023-08-18,
79,SKU-00079,Ergo Grocery 79,24,271.19,126.1,2022-10-05,
80,SKU-00080,Eco Books 80,20,375.11,219.68,2023-07-23,
81,SKU-00081,Ergo Books 81,21,122.56,82.83,2022-03-20,
82,SKU-00082,Compact Grocery 82,22,285.02,190.29,2023-10-14,
83,SKU-00083,Compact Fashion 83,15,156.44,75.42,2023-10-11,
84,SKU-00084,Essential Books 84,19,314.73,169.35,2023-10-28,
85,SKU-00085,Ultimate Grocery 85,24,213.94,156.46,2022-10-28,
86,SKU-00086,Essential Electronics 86,7,386.68,201.2,2022-12-08,
87,SKU-00087,Ergo Sports 87,16,341.04,168.46,2022-10-29,
88,SKU-00088,Advanced Fashion 88,14,223.8,149.53,2022-08-22,2024-02-17
89,SKU-00089,Advanced Home 89,12,379.5,179.94,2022-04-04,
90,SKU-00090,Premium Electronics 90,7,45.1,28.03,2022-09-16,
91,SKU-00091,Advanced Books 91,19,152.69,93.69,2023-01-21,
92,SKU-00092,Eco Fashion 92,15,340.39,170.34,2023-04-18,
93,SKU-00093,Ultra Electronics 93,7,339.07,249.0,2023-01-08,
94,SKU-00094,Ultimate Electronics 94,8,341.37,158.78,2023-06-11,
95,SKU-00095,Compact Home 95,11,113.44,68.96,2023-09-06,
96,SKU-00096,Ultra Books 96,21,317.16,164.9,2023-07-14,
97,SKU-00097,Ultimate Home 97,12,434.41,311.72,2023-12-06,
98,SKU-00098,Compact Books 98,19,183.32,98.17,2023-10-16,
99,SKU-00099,Ultra Home 99,10,316.16,208.52,2022-01-31,
100,SKU-00100,Essential Electronics 100,8,161.46,100.35,2022-12-18,
101,SKU-00101,Essential Electronics 101,7,383.51,193.02,2023-09-15,
102,SKU-00102,Premium Books 102,21,320.63,198.58,2022-07-16,
103,SKU-00103,Compact Grocery 103,24,350.39,213.93,2022-05-05,
104,SKU-00104,Advanced Electronics 104,9,131.29,80.71,2022-09-13,
105,SKU-00105,Essential Sports 105,17,20.69,10.24,2023-06-29,
106,SKU-00106,Ergo Fashion 106,15,158.43,76.98,2023-03-25,
107,SKU-00107,Compact Fashion 107,13,45.84,24.48,2022-08-19,
108,SKU-00108,Compact Grocery 108,22,293.49,176.9,2023-12-15,
109,SKU-00109,Ergo Books 109,19,313.77,206.5,2022-05-16,
110,SKU-00110,Eco Grocery 110,23,159.94,72.13,2022-06-17,
111,SKU-00111,Ergo Fashion 111,15,143.53,97.72,2023-06-18,
112,SKU-00112,Ergo Home 112,12,92.66,48.96,2023-03-24,
113,SKU-00113,Classic Sports 113,16,441.39,220.79,2023-03-04,
114,SKU-00114,Ergo Sports 114,16,14.25,8.4,2023-03-27,2023-12-07
115,SKU-00115,Pro Sports 115,16,316.26,225.21,2022-08-17,
116,SKU-00116,Premium Sports 116,16,215.47,133.13,2023-06-27,
117,SKU-00117,Pro Grocery 117,22,58.43,42.68,2022-08-16,
118,SKU-00118,Compact Home 118,11,73.95,42.98,2023-02-24,
119,SKU-00119,Compact Home 119,10,254.67,159.21,2022-05-01,
120,SKU-00120,Advanced Grocery 120,23,176.13,84.09,2023-03-03,
121,SKU-00121,Compact Sports 121,16,259.33,189.81,2023-09-22,
122,SKU-00122,Ultra Fashion 122,13,124.97,90.68,2023-05-01,
123,SKU-00123,Pro Home 123,12,9.18,5.64,2022-05-03,
124,SKU-00124,Compact Fashion 124,14,135.34,90.03,2022-09-24,
125,SKU-00125,Compact Fashion 125,15,356.22,200.37,2022-02-23,
126,SKU-00126,Classic Books 126,20,58.73,40.09,2023-08-02,
127,SKU-00127,Ultimate Electronics 127,9,34.36,17.6,2022-05-02,
128,SKU-00128,Premium Sports 128,16,202.11,123.16,2023-02-24,
129,SKU-00129,Essential Grocery 129,23,246.67,152.61,2022-04-29,2024-01-31
130,SKU-00130,Ultimate Fashion 130,15,19.43,13.24,2022-02-10,
131,SKU-00131,Classic Electronics 131,7,449.81,246.64,2023-04-01,
132,SKU-00132,Ultimate Grocery 132,22,237.38,146.54,2023-03-23,
133,SKU-00133,Advanced Books 133,20,288.57,173.86,2023-09-30,
134,SKU-00134,Eco Sports 134,17,149.91,107.73,2023-07-21,
135,SKU-00135,Essential Sports 135,16,300.86,189.5,2022-06-17,2023-04-03
136,SKU-00136,Pro Fashion 136,15,150.89,69.25,2022-11-14,
137,SKU-00137,Eco Grocery 137,24,212.19,155.69,2022-07-20,
138,SKU-00138,Premium Books 138,21,343.92,236.94,2022-06-18,
139,SKU-00139,Ultimate Books 139,21,397.33,240.22,2023-12-03,
140,SKU-00140,Ultra Fashion 140,14,321.72,211.3,2023-12-18,
141,SKU-00141,Classic Fashion 141,14,446.58,212.63,2022-09-16,
142,SKU-00142,Eco Grocery 142,22,420.23,278.38,2023-03-28,
143,SKU-00143,Ultimate Grocery 143,22,115.73,67.66,2022-12-05,
144,SKU-00144,Advanced Grocery 144,23,337.86,239.56,2023-10-22,
145,SKU-00145,Premium Sports 145,17,420.94,251.59,2023-12-30,
146,SKU-00146,Ergo Grocery 146,22,390.45,240.53,2022-08-24,
147,SKU-00147,Compact Grocery 147,24,174.73,82.15,2023-06-22,
148,SKU-00148,Eco Books 148,19,111.23,57.54,2023-11-18,
149,SKU-00149,Eco Books 149,19,178.65,98.42,2022-03-05,
150,SKU-00150,Eco Electronics 150,8,63.8,29.37,2023-01-27,
151,SKU-00151,Classic Home 151,10,240.47,147.39,2023-08-07,
152,SKU-00152,Advanced Electronics 152,9,215.51,98.97,2023-01-20,
153,SKU-00153,Essential Electronics 153,9,384.48,190.05,2022-07-04,
154,SKU-00154,Premium Grocery 154,22,393.59,290.95,2023-10-23,
155,SKU-00155,Ultra Fashion 155,14,338.07,209.54,2023-09-23,
156,SKU-00156,Premium Books 156,21,81.53,53.82,2023-12-03,2024-08-16
157,SKU-00157,Classic Sports 157,18,173.68,122.68,2022-07-07,
158,SKU-00158,Compact Home 158,12,85.38,48.42,2022-12-06,
159,SKU-00159,Eco Grocery 159,22,411.47,290.94,2022-09-16,
160,SKU-00160,Ergo Fashion 160,15,302.74,145.41,2022-09-12,
161,SKU-00161,Advanced Home 161,12,40.65,18.96,2022-05-10,
162,SKU-00162,Ultra Fashion 162,15,209.92,138.41,2022-12-04,
163,SKU-00163,Premium Fashion 163,14,176.56,113.41,2023-03-05,
164,SKU-00164,Ultimate Electronics 164,7,440.25,243.25,2023-03-26,2023-12-01
165,SKU-00165,Essential Grocery 165,22,376.11,180.2,2023-05-11,
166,SKU-00166,Classic Fashion 166,14,289.39,163.14,2022-02-06,
167,SKU-00167,Pro Home 167,10,407.3,226.5,2023-02-19,
168,SKU-00168,Advanced Sports 168,18,331.7,239.81,2023-03-05,
169,SKU-00169,Premium Home 169,12,96.75,49.73,2022-12-23,
170,SKU-00170,Premium Home 170,12,121.58,61.11,2022-08-26,
171,SKU-00171,Compact Sports 171,17,363.47,221.54,2023-10-16,
172,SKU-00172,Advanced Books 172,19,435.53,221.52,2022-12-23,
173,SKU-00173,Premium Electronics 173,7,124.89,89.04,2022-12-20,
174,SKU-00174,Eco Books 174,19,371.51,173.83,2023-09-13,
175,SKU-00175,Compact Electronics 175,7,281.84,131.63,2023-01-31,
176,SKU-00176,Ultra Electronics 176,9,288.85,176.41,2023-02-26,
177,SKU-00177,Compact Home 177,11,28.04,20.72,2022-08-15,
178,SKU-00178,Ergo Grocery 178,24,67.96,41.72,2022-02-14,
179,SKU-00179,Eco Books 179,20,267.6,142.37,2022-11-03,
180,SKU-00180,Eco Books 180,20,423.06,281.79,2022-12-18,
181,SKU-00181,Essential Fashion 181,14,386.11,278.07,2022-12-21,
182,SKU-00182,Eco Electronics 182,8,183.98,127.51,2023-08-29,
183,SKU-00183,Pro Electronics 183,9,300.94,167.77,2022-04-30,
184,SKU-00184,Ergo Sports 184,17,115.66,82.38,2022-06-02,
185,SKU-00185,Classic Fashion 185,13,267.18,135.22,2023-05-08,
186,SKU-00186,Classic Electronics 186,7,130.56,59.38,2023-08-21,
187,SKU-00187,Compact Home 187,10,300.19,222.82,2023-12-17,
188,SKU-00188,Ergo Sports 188,17,14.98,10.04,2023-08-25,
189,SKU-00189,Ultra Home 189,10,337.58,204.95,2022-12-27,
190,SKU-00190,Ergo Books 190,21,230.7,107.59,2023-11-18,
191,SKU-00191,Advanced Sports 191,16,210.45,96.97,2023-10-31,
192,SKU-00192,Ultra Books 192,20,311.26,187.66,2022-10-04,
193,SKU-00193,Ultimate Sports 193,17,276.87,202.2,2023-03-26,
194,SKU-00194,Eco Grocery 194,24,322.77,205.19,2022-04-30,
195,SKU-00195,Ergo Grocery 195,23,275.6,198.5,2023-09-06,
196,SKU-00196,Eco Fashion 196,13,198.09,95.79,2022-11-04,
197,SKU-00197,Premium Books 197,19,191.87,138.43,2022-10-21,
198,SKU-00198,Ultra Sports 198,18,429.49,233.62,2022-09-03,
199,SKU-00199,Ergo Electronics 199,9,198.89,104.74,2022-12-16,
200,SKU-00200,Advanced Electronics 200,8,267.22,155.39,2023-01-29,
201,SKU-00201,Pro Sports 201,18,394.13,184.32,2022-10-25,
202,SKU-00202,Classic Sports 202,16,273.38,176.2,2022-05-20,
203,SKU-00203,Premium Grocery 203,22,107.12,76.86,2022-06-11,
204,SKU-00204,Ergo Fashion 204,14,364.79,181.1,2022-04-05,
205,SKU-00205,Premium Electronics 205,7,277.18,153.18,2023-04-03,2024-07-25
206,SKU-00206,Advanced Sports 206,17,163.15,113.48,2023-08-08,
207,SKU-00207,Ergo Electronics 207,9,70.71,39.6,2023-12-01,
208,SKU-00208,Essential Fashion 208,13,174.28,106.99,2023-07-24,
209,SKU-00209,Premium Electronics 209,9,398.44,280.23,2022-04-09,2023-01-17
210,SKU-00210,Compact Books 210,21,300.58,181.64,2022-10-06,
211,SKU-00211,Ultimate Grocery 211,23,58.31,36.21,2023-03-17,
212,SKU-00212,Ultimate Grocery 212,22,240.9,158.39,2023-05-21,
213,SKU-00213,Premium Electronics 213,8,11.4,7.52,2023-05-30,
214,SKU-00214,Advanced Sports 214,16,153.03,114.42,2022-10-18,
215,SKU-00215,Ultra Grocery 215,24,319.02,191.39,2022-02-16,
216,SKU-00216,Ultra Books 216,19,388.9,286.74,2023-12-13,
217,SKU-00217,Ultra Sports 217,17,262.49,151.71,2022-03-17,
218,SKU-00218,Essential Books 218,19,17.22,11.24,2022-04-09,
219,SKU-00219,Ergo Electronics 219,9,201.03,144.39,2022-10-12,
220,SKU-00220,Classic Electronics 220,9,182.93,120.17,2023-01-19,
221,SKU-00221,Essential Electronics 221,9,233.63,167.23,2022-07-28,
222,SKU-00222,Classic Sports 222,18,329.5,166.17,2023-08-03,
223,SKU-00223,Eco Fashion 223,15,95.19,54.19,2022-03-01,
224,SKU-00224,Ultimate Books 224,21,341.47,178.26,2022-09-29,
225,SKU-00225,Eco Sports 225,17,390.0,219.12,2023-07-31,
226,SKU-00226,Ultra Books 226,21,287.07,146.72,2022-05-06,2024-04-24
227,SKU-00227,Ultra Sports 227,16,212.09,156.67,2022-12-20,
228,SKU-00228,Pro Electronics 228,9,279.83,167.3,2022-09-15,
229,SKU-00229,Eco Books 229,21,409.8,237.07,2023-06-23,
230,SKU-00230,Essential Grocery 230,23,74.68,54.62,2023-09-18,
231,SKU-00231,Eco Electronics 231,9,231.01,161.3,2023-04-23,
232,SKU-00232,Advanced Grocery 232,23,239.05,167.9,2022-12-16,
233,SKU-00233,Essential Books 233,20,350.31,191.39,2023-11-09,
234,SKU-00234,Ultimate Electronics 234,9,153.72,89.56,2022-12-02,
235,SKU-00235,Premium Home 235,11,155.35,89.35,2023-08-10,
236,SKU-00236,Advanced Books 236,19,65.0,34.93,2023-10-07,
237,SKU-00237,Advanced Sports 237,17,367.43,201.71,2022-07-11,
238,SKU-00238,Essential Grocery 238,23,167.93,107.68,2023-07-01,
239,SKU-00239,Ultra Grocery 239,22,92.87,41.79,2023-07-27,
240,SKU-00240,Ultimate Grocery 240,23,348.73,174.18,2022-07-11,2024-01-06
241,SKU-00241,Ultimate Home 241,11,271.98,191.4,2023-06-30,
242,SKU-00242,Compact Home 242,12,326.76,240.79,2022-12-24,
243,SKU-00243,Compact Books 243,21,277.88,145.69,2022-09-29,
244,SKU-00244,Ultimate Sports 244,16,434.79,223.78,2023-06-17,
245,SKU-00245,Advanced Books 245,21,212.06,141.12,2022-12-06,
246,SKU-00246,Pro Home 246,12,369.07,188.09,2023-08-13,
247,SKU-00247,Ergo Grocery 247,22,394.36,230.16,2023-09-18,
248,SKU-00248,Ergo Home 248,10,134.0,69.82,2023-03-28,
249,SKU-00249,Essential Home 249,11,375.32,271.16,2023-05-19,
250,SKU-00250,Ultra Electronics 250,7,191.38,120.77,2022-12-15,
251,SKU-00251,Essential Sports 251,18,107.25,70.18,2023-09-22,
252,SKU-00252,Classic Home 252,11,68.82,45.69,2022-09-05,
253,SKU-00253,Classic Grocery 253,22,206.28,154.39,2023-10-12,2024-12-05
254,SKU-00254,Premium Grocery 254,24,423.58,240.31,2022-10-25,
255,SKU-00255,Ultimate Fashion 255,14,141.11,103.81,2022-10-29,
256,SKU-00256,Pro Books 256,21,35.76,17.84,2022-08-08,
257,SKU-00257,Ultimate Grocery 257,23,262.17,140.11,2023-03-09,
258,SKU-00258,Ergo Sports 258,18,114.33,71.46,2022-02-20,
259,SKU-00259,Ergo Sports 259,18,37.91,22.45,2022-07-31,
260,SKU-00260,Essential Grocery 260,24,16.99,8.29,2023-11-18,
261,SKU-00261,Ultra Fashion 261,15,338.31,217.49,2023-10-24,
262,SKU-00262,Classic Sports 262,17,66.97,43.15,2023-01-20,
263,SKU-00263,Ultra Books 263,21,441.52,267.76,2023-06-29,
264,SKU-00264,Essential Books 264,21,24.35,16.79,2023-06-11,
265,SKU-00265,Pro Sports 265,16,235.8,106.88,2022-06-24,
266,SKU-00266,Essential Fashion 266,13,134.46,66.07,2023-11-14,
267,SKU-00267,Advanced Fashion 267,15,63.02,40.31,2022-11-18,
268,SKU-00268,Ergo Sports 268,17,438.39,263.53,2022-08-10,
269,SKU-00269,Classic Fashion 269,15,362.11,192.6,2023-10-13,
270,SKU-00270,Premium Grocery 270,24,137.84,99.14,2023-01-31,
271,SKU-00271,Pro Books 271,21,274.36,170.7,2022-10-04,
272,SKU-00272,Pro Sports 272,18,279.76,173.32,2022-03-18,
273,SKU-00273,Classic Electronics 273,9,304.66,191.37,2022-07-25,
274,SKU-00274,Compact Electronics 274,7,71.11,40.37,2022-10-10,2023-07-05
275,SKU-00275,Eco Sports 275,18,168.07,78.18,2023-11-29,
276,SKU-00276,Essential Sports 276,18,172.43,89.85,2022-05-24,
277,SKU-00277,Eco Books 277,19,146.96,97.93,2023-09-07,2024-10-01
278,SKU-00278,Eco Grocery 278,23,179.05,104.12,2023-04-08,
279,SKU-00279,Classic Fashion 279,13,448.39,297.88,2022-08-17,
280,SKU-00280,Essential Electronics 280,9,207.8,99.83,2022-10-03,
281,SKU-00281,Classic Sports 281,18,321.62,188.15,2023-03-10,
282,SKU-00282,Classic Home 282,12,358.81,214.34,2023-08-30,
283,SKU-00283,Eco Fashion 283,14,357.34,265.19,2022-06-13,
284,SKU-00284,Eco Grocery 284,24,65.36,31.68,2023-10-26,
285,SKU-00285,Essential Grocery 285,23,189.57,118.89,2022-05-23,
286,SKU-00286,Ergo Electronics 286,9,206.89,112.96,2023-01-14,
287,SKU-00287,Pro Home 287,12,347.36,247.07,2022-08-05,
288,SKU-00288,Compact Home 288,10,237.0,156.13,2023-07-20,
289,SKU-00289,Premium Sports 289,18,426.79,253.65,2023-03-17,
290,SKU-00290,Ultimate Fashion 290,13,288.7,168.82,2023-08-26,
291,SKU-00291,Classic Grocery 291,24,49.3,27.49,2022-05-05,
292,SKU-00292,Ultimate Home 292,12,299.16,159.69,2022-04-22,
293,SKU-00293,Ultimate Electronics 293,8,372.75,276.39,2023-11-16,
294,SKU-00294,Pro Fashion 294,15,295.8,153.79,2022-11-01,
295,SKU-00295,Eco Grocery 295,22,400.94,235.08,2022-03-15,
296,SKU-00296,Pro Fashion 296,14,363.67,198.02,2023-03-03,
297,SKU-00297,Classic Home 297,12,202.31,122.34,2023-06-07,
298,SKU-00298,Classic Sports 298,17,388.78,254.34,2023-01-13,
299,SKU-00299,Premium Sports 299,18,235.62,169.21,2023-04-29,
300,SKU-00300,Ultimate Books 300,21,117.58,84.77,2023-03-10,
301,SKU-00301,Ultimate Books 301,20,117.74,57.74,2023-07-22,
302,SKU-00302,Premium Sports 302,17,91.91,64.54,2022-07-23,
303,SKU-00303,Compact Grocery 303,22,18.24,8.51,2022-08-02,
304,SKU-00304,Eco Fashion 304,13,265.84,195.5,2023-03-19,
305,SKU-00305,Premium Sports 305,16,245.22,121.59,2022-10-17,
306,SKU-00306,Compact Sports 306,18,345.62,221.27,2022-11-17,2024-12-31
307,SKU-00307,Ergo Sports 307,18,252.52,183.82,2022-08-03,
308,SKU-00308,Ultra Fashion 308,15,372.79,209.89,2022-04-16,
309,SKU-00309,Classic Books 309,19,172.95,78.51,2022-06-09,
310,SKU-00310,Essential Fashion 310,13,274.29,172.69,2023-11-21,2024-10-26
311,SKU-00311,Ultimate Grocery 311,22,237.55,167.55,2022-07-23,
312,SKU-00312,Ergo Sports 312,17,79.83,36.15,2023-03-01,
313,SKU-00313,Pro Grocery 313,23,243.29,130.74,2023-03-01,
314,SKU-00314,Pro Sports 314,18,154.41,110.73,2022-11-01,
315,SKU-00315,Pro Grocery 315,22,125.36,69.36,2022-05-19,
316,SKU-00316,Advanced Grocery 316,22,83.37,46.79,2022-04-07,
317,SKU-00317,Ultra Home 317,11,371.17,251.41,2022-05-25,
318,SKU-00318,Compact Fashion 318,13,16.37,10.74,2023-07-30,
319,SKU-00319,Pro Books 319,20,229.8,130.19,2022-09-06,
320,SKU-00320,Advanced Home 320,11,237.26,138.02,2022-02-22,
321,SKU-00321,Essential Sports 321,17,430.85,263.72,2022-07-05,
322,SKU-00322,Premium Fashion 322,15,277.65,192.22,2023-04-24,
323,SKU-00323,Eco Fashion 323,14,424.14,193.12,2023-03-12,
324,SKU-00324,Ultimate Sports 324,17,220.07,128.05,2023-03-27,
325,SKU-00325,Classic Grocery 325,24,175.82,80.17,2023-01-13,
326,SKU-00326,Eco Sports 326,16,26.59,12.32,2023-10-13,
327,SKU-00327,Ergo Fashion 327,15,338.32,232.02,2022-06-29,
328,SKU-00328,Pro Fashion 328,15,68.67,38.82,2022-05-11,
329,SKU-00329,Eco Grocery 329,23,107.75,73.29,2023-09-21,
330,SKU-00330,Classic Home 330,10,309.09,219.07,2022-06-17,
331,SKU-00331,Compact Books 331,20,296.58,144.08,2022-09-01,
332,SKU-00332,Compact Sports 332,16,149.96,83.41,2023-10-02,
333,SKU-00333,Classic Grocery 333,24,334.5,165.54,2023-11-24,
334,SKU-00334,Advanced Books 334,20,397.95,277.48,2023-11-25,
335,SKU-00335,Pro Grocery 335,22,90.35,47.46,2023-03-11,
336,SKU-00336,Ergo Sports 336,16,259.04,185.94,2023-01-23,
337,SKU-00337,Compact Grocery 337,23,226.31,106.01,2022-08-03,
338,SKU-00338,Classic Home 338,10,154.16,81.81,2022-03-09,
339,SKU-00339,Compact Electronics 339,7,333.59,171.05,2022-05-30,
340,SKU-00340,Ergo Home 340,12,278.04,155.25,2022-11-12,
341,SKU-00341,Eco Sports 341,17,46.34,25.45,2023-06-26,
342,SKU-00342,Premium Sports 342,17,421.63,315.36,2022-12-05,
343,SKU-00343,Essential Sports 343,17,141.46,75.42,2023-12-21,
344,SKU-00344,Ergo Fashion 344,14,35.46,25.34,2023-02-21,
345,SKU-00345,Compact Sports 345,16,313.11,174.84,2023-03-05,
346,SKU-00346,Ultimate Fashion 346,14,431.15,261.51,2022-09-23,
347,SKU-00347,Compact Sports 347,18,191.8,112.25,2022-09-06,
348,SKU-00348,Ergo Fashion 348,14,308.71,176.35,2023-10-10,
349,SKU-00349,Ergo Sports 349,18,42.52,24.69,2023-10-30,
350,SKU-00350,Eco Fashion 350,13,261.13,184.11,2023-01-31,
351,SKU-00351,Ergo Home 351,10,308.69,165.13,2022-08-19,
352,SKU-00352,Ultimate Books 352,21,365.44,224.37,2022-07-25,
353,SKU-00353,Advanced Electronics 353,8,254.99,139.78,2023-02-20,
354,SKU-00354,Advanced Fashion 354,15,368.87,194.12,2022-05-19,
355,SKU-00355,Ultra Sports 355,18,317.57,186.62,2023-11-01,
356,SKU-00356,Advanced Grocery 356,22,22.03,13.82,2023-08-16,
357,SKU-00357,Ergo Sports 357,18,446.84,283.86,2022-12-11,
358,SKU-00358,Advanced Home 358,11,296.86,191.67,2023-07-03,
359,SKU-00359,Premium Grocery 359,23,64.29,29.34,2023-12-29,
360,SKU-00360,Compact Books 360,21,305.69,179.34,2022-07-06,
361,SKU-00361,Ultra Fashion 361,14,211.6,148.85,2023-06-22,
362,SKU-00362,Ultra Electronics 362,8,365.79,228.34,2023-12-16,
363,SKU-00363,Pro Home 363,10,270.52,166.66,2022-02-12,
364,SKU-00364,Pro Fashion 364,14,335.32,211.02,2023-05-07,
365,SKU-00365,Ultimate Home 365,11,230.72,153.02,2022-05-22,
366,SKU-00366,Advanced Sports 366,17,112.71,54.9,2022-02-24,
367,SKU-00367,Classic Sports 367,16,129.62,75.57,2022-05-06,
368,SKU-00368,Advanced Books 368,20,253.69,186.7,2023-01-14,
369,SKU-00369,Classic Grocery 369,23,148.88,93.07,2023-08-02,
370,SKU-00370,Classic Grocery 370,24,217.3,107.61,2023-02-28,
371,SKU-00371,Classic Books 371,21,412.32,239.68,2022-11-01,
372,SKU-00372,Eco Books 372,19,115.34,79.47,2022-03-10,
373,SKU-00373,Ultimate Sports 373,18,48.87,26.03,2023-06-20,2025-01-26
374,SKU-00374,Ergo Electronics 374,8,394.14,273.36,2022-05-10,
375,SKU-00375,Pro Fashion 375,13,219.89,107.56,2023-01-26,
376,SKU-00376,Eco Fashion 376,13,422.22,194.8,2023-09-03,
377,SKU-00377,Ergo Fashion 377,14,315.47,170.0,2022-11-21,
378,SKU-00378,Premium Sports 378,17,350.78,223.03,2022-07-04,
379,SKU-00379,Eco Fashion 379,15,166.96,81.0,2022-09-11,
380,SKU-00380,Classic Sports 380,17,412.13,263.26,2022-11-04,2024-01-04
381,SKU-00381,Premium Electronics 381,7,123.26,57.88,2022-05-18,
382,SKU-00382,Eco Home 382,11,94.72,64.5,2022-05-28,
383,SKU-00383,Eco Grocery 383,24,297.34,161.92,2023-04-13,
384,SKU-00384,Ergo Grocery 384,22,211.69,112.23,2023-01-06,
385,SKU-00385,Ergo Grocery 385,22,89.35,43.17,2022-03-15,
386,SKU-00386,Advanced Electronics 386,8,378.87,275.7,2022-02-16,2022-09-10
387,SKU-00387,Eco Home 387,11,380.4,258.89,2023-07-31,2025-07-17
388,SKU-00388,Eco Sports 388,18,34.72,19.4,2022-04-10,
389,SKU-00389,Ergo Electronics 389,7,10.92,6.38,2023-12-20,2025-04-14
390,SKU-00390,Classic Sports 390,16,15.58,7.88,2022-02-10,
391,SKU-00391,Ergo Home 391,10,413.78,245.24,2023-04-30,
392,SKU-00392,Advanced Fashion 392,15,368.32,246.7,2022-11-21,
393,SKU-00393,Ultra Books 393,21,257.73,116.73,2023-05-15,
394,SKU-00394,Pro Electronics 394,8,49.33,31.38,2022-06-15,
395,SKU-00395,Ultimate Home 395,12,44.55,22.11,2022-03-12,
396,SKU-00396,Ultimate Home 396,10,403.5,191.36,2023-05-11,
397,SKU-00397,Ergo Grocery 397,22,127.82,60.43,2022-01-31,
398,SKU-00398,Ultimate Electronics 398,8,87.27,43.19,2023-12-16,
399,SKU-00399,Premium Home 399,11,340.5,182.57,2022-11-20,
400,SKU-00400,Ergo Home 400,12,257.27,149.21,2022-11-29,
